Democrat,Republic,Election Fraud,SCOTUS,Climate,Economic,Foreign Military,Local Military,COVID,party
2.0,7.0630875,6.84075,5.8297225,6.884125,6.9075225,2.6918125,6.9919025,6.6256725,republican
3.9563325,6.7517175,6.658465,6.6717625,6.65784,6.315720000000001,6.06454,6.43367,6.6302,republican
7.3614425,3.275545,6.2656675,3.224945,4.0137325,4.2286175,3.670055,5.8961,4.097515,democrat
3.5239599999999998,6.3445275,6.7638750000000005,7.1547725,6.3668225,6.7848,5.0,6.7929575,6.19472,republican
7.374947499999999,7.347525,6.97572,7.08161,6.9931,6.8949625,5.0,6.957035,6.6669075,republican
3.4514075,6.4559774999999995,6.560635,6.4257575,4.267507500000001,6.2102825,3.68107,6.142105,3.9346449999999997,republican
5.7237725,7.108315,7.0977075,7.012065,6.8056475,6.3661725,7.12554,6.401902499999999,5.874090000000001,republican
5.0,5.0,5.743095,5.0,6.3749400000000005,6.2411125,5.0,6.800565,5.75328,democrat
6.5279475,3.599,5.814417499999999,3.4234625,4.2099675,4.0080575,3.18069,4.15344,3.9711425,democrat
4.1533175,3.35776,5.90918,3.4925325,4.1874199999999995,4.0112000000000005,5.0,3.6145674999999997,3.6530050000000003,democrat
6.2636125,3.3502199999999998,5.76626,4.211622500000001,4.3154675000000005,5.909667499999999,3.4632275000000003,5.7228025,4.2108375,democrat
3.6162475,6.7822375,6.48958,7.29238,6.5866525,6.38127,6.177065,6.781655,6.1807175,republican
5.91495,3.3332875,6.0896425,3.380785,4.0397300000000005,3.878145,2.79816,3.9940075,3.7623175,democrat
3.068315,3.1284575,6.22745,3.0885724999999997,3.4112675,5.8833975,5.0,3.03316,5.0,democrat
5.8700775,3.5322075,6.02125,3.3479200000000002,4.170085,5.6702375,3.786945,4.085195,6.02304,democrat
6.981,4.046735,6.362455000000001,3.9510975,6.55554,5.8996675,5.0,6.37439,4.370355,democrat
6.5603625,5.8982575,5.6261125,6.5074775,4.1855975,6.14685,3.9144525,5.848554999999999,5.63533,republican
3.887755,5.9818275,5.76692,6.832129999999999,6.034459999999999,5.91442,3.9404925000000004,6.32803,4.315185,republican
4.018995,6.457745,6.3770075,5.7338975,6.2870175,4.318995,3.376665,5.9347525,5.9695025,republican
3.5120875,6.0066,6.7680725,6.7061375000000005,6.80194,6.6461725,4.3187175,6.8097125,6.075505,republican
4.0609375,3.6561375,4.2254675,3.8327299999999997,4.2092975,4.046115,5.0,4.0718125,4.040625,democrat
3.65523,3.2600325,6.1188649999999996,3.26254,6.0009675,4.130955,3.7034025,4.2407699999999995,3.9438174999999998,democrat
4.1007375,6.8661825,6.9550075,6.8573925000000004,6.7423625,6.381975,6.2622575000000005,6.6696775,6.1315175,republican
3.07127,3.3272399999999998,3.9683225,3.8615,3.4028549999999997,3.0714125,2.9238175,4.10535,3.5060675,republican
5.0,4.2024225,6.8715575,6.1887574999999995,6.78591,6.5071175000000006,6.3654125,6.66057,5.882665,republican
6.2617525,6.85032,6.8711275,7.272055,6.8441825000000005,6.74997,6.60853,6.8643525,6.074612500000001,republican
6.1772825,3.4772475,4.212705,3.72342,5.9430724999999995,3.9479225000000002,3.5933875000000004,4.2109075,3.902945,democrat
6.050915,3.633555,6.0504975000000005,3.5290850000000002,3.777945,4.03324,3.5651574999999998,4.088955,4.0462925,democrat
3.418835,4.2155875,6.4440125,6.4446125,5.920377500000001,6.01749,5.0,6.393857499999999,6.1386275,republican
3.1708775,5.7357175,5.8382375,6.8278975,6.96961,6.252314999999999,5.7812475,6.5326475,6.1479975,republican
6.4112225,6.909644999999999,6.81276,7.1950924999999994,6.8224025,6.57377,3.734985,6.793285,6.07192,republican
2.87929,5.844405,6.71024,6.6511275,6.614940000000001,6.9660425,5.0,6.974,6.5850100000000005,republican
3.2614199999999998,6.35754,4.2242025000000005,5.78396,6.0106725,5.7897725,6.7291425,5.8611625,4.0330449999999995,republican
3.4265375000000002,5.7056525,4.0999925,6.8188825,6.692365000000001,3.8114125,5.0,6.093985,3.6332424999999997,republican
3.6625550000000002,6.4003225,6.5312225,6.5311675000000005,6.0895025,5.776267499999999,6.691034999999999,6.5200700000000005,6.1015925,republican
3.35622,4.16618,4.21116,3.89853,3.96173,4.13758,4.0451675,5.69724,3.7900375,republican
6.459695,3.50589,3.9094,4.0816925,4.315155,3.8467725,3.2157625000000003,4.1421325,3.5966750000000003,democrat
4.28289,3.1832525,3.605155,3.2513575,3.6174275,3.5788375,3.9006974999999997,3.4944575,3.1428225000000003,democrat
6.4612325,3.2935600000000003,5.9364675,3.4264,4.1726025,3.95588,3.6296975,4.059302499999999,4.2471625,democrat
6.0456025,3.269095,5.8567475,3.558505,3.8185025,3.8127475,3.29725,3.779395,3.8344375,democrat
5.0,5.0,6.4259525,7.4724699999999995,6.799119999999999,6.571165,4.0714875,6.648429999999999,6.1105475,republican
6.0546875,5.8795625000000005,4.00917,6.345365,6.103787499999999,6.004455,5.0,6.1574275,5.8316725,democrat
4.15309,3.9917975,6.0569125,3.8466075,4.18502,4.0991675,3.2713575,4.25481,3.77743,democrat
5.9052125,3.9318150000000003,5.691402500000001,4.32833,3.6977275,4.29362,4.215895,4.19104,3.5449675000000003,democrat
7.251315,3.2966175,6.01385,4.02561,5.7321675,4.2523475,4.21992,6.0006825,5.7200125,democrat
6.6411625,6.333315,6.193267499999999,7.106825,6.991155,6.9011125,6.6902800000000004,6.8606075,6.410855,republican
3.60874,3.979685,3.9061825,5.9290725,4.388375,3.904885,3.9677475,3.9359325,3.528775,republican
3.53815,6.2746224999999995,6.2269175,6.757835,6.431010000000001,6.397505,3.520215,6.781655,6.190915,republican
4.0721625,6.267352499999999,6.715575,6.962384999999999,6.390995,6.208875,6.04223,6.29637,4.3218325,republican
2.957525,6.8526525,6.65545,6.448510000000001,6.4975249999999996,6.7848325,5.0,6.829454999999999,6.4605049999999995,republican
6.8526074999999995,3.9464725,6.44861,6.2733550000000005,6.5298825,5.9060375,5.9889925,6.588675,5.8076799999999995,democrat
6.1162575,6.480595,4.2197724999999995,6.545345,6.40688,6.33242,3.8557175,6.3826975,6.1418675,republican
3.5526150000000003,7.11127,3.9864824999999997,6.790505,4.1533575,4.363085,5.0,5.93898,6.2063625,republican
4.1124025,6.5098825,6.8678525,7.176,6.55996,6.9915825,6.2961175,6.917145,6.643167500000001,republican
6.90883,6.526495,6.823955,6.8726575,6.755567500000001,6.568855,6.71217,6.7405475,5.793915,republican
3.6505900000000002,6.1515450000000005,6.7798125,6.892735,6.718005,6.6743625,5.8983550000000005,6.845835,5.708375,republican
2.86019,6.243495,6.4495125,7.4904775,6.00761,4.25042,3.233635,5.8032375,6.1653175000000005,republican
6.68635,3.590785,4.1194925,4.3290575,3.9903925,4.088965,3.5804975,5.8333825,3.9101425,democrat
5.9581375,3.50379,5.697005,3.5345050000000002,6.269,6.1889425,3.481615,6.289795,3.9208775,democrat
3.9835700000000003,3.46845,3.8416175,3.7487275,4.1614425,3.5926425,3.5381975,3.8223225,3.6965575,democrat
4.0874425,3.68532,4.145687499999999,3.929775,3.7470575,3.7560525,3.8700475,4.0836825,3.72643,democrat
3.948595,3.3514475,4.2639724999999995,3.54232,4.3080175,3.8365325,3.0218999999999996,3.8678225,3.4516675,democrat
3.9547074999999996,3.4651525,6.1155124999999995,3.312875,6.47329,3.875655,5.9889174999999994,4.216177500000001,3.7854725,democrat
7.1810475,3.6313649999999997,6.501715,3.2714225,6.427485,6.71215,5.0,6.8797175,5.8772125,democrat
5.0,6.1465775,6.099685,3.6679375,6.361695,4.2550675,5.87453,6.117925,5.9827825,democrat
4.137935,3.3442175,4.2713775,3.84764,4.0528949999999995,3.518795,5.867835,3.694255,3.735,democrat
5.911625,3.2331975,5.82996,3.6754275,3.5850925,4.286025,3.6068724999999997,3.99561,3.411055,democrat
3.60798,3.343305,4.3218025,3.4201975,3.53425,3.68873,2.7014,3.5040875,3.354635,democrat
6.0401,6.64213,6.8950925,7.0287825,6.94483,6.50035,5.9870575,6.80409,4.2946475,republican
6.3164275000000005,6.6216675,6.42046,4.2661675,6.4393075,6.786575,2.6203375,6.5901,6.998290000000001,republican
5.816622499999999,7.09574,6.4674125,6.49282,6.8025225,6.0718700000000005,6.49868,6.56974,5.97271,republican
5.9314,3.5386225,3.971105,3.521435,3.885805,3.9781424999999997,3.1408725000000004,3.9960400000000003,3.254705,democrat
3.2435275,3.1747375,3.55419,3.2718875,3.7249299999999996,3.4268650000000003,3.1956075,3.4321225,3.53015,democrat
6.2709174999999995,3.17722,5.663955,3.3911625,3.4367425,3.3355325000000002,2.968115,3.7053275,3.62099,democrat
6.0312925,6.1558025,5.9980475,6.920859999999999,5.989117500000001,5.8752675,6.361632500000001,6.1021225,4.0955625,republican
4.292495000000001,3.5969975,6.2645225,3.547295,6.0769649999999995,4.14184,3.3508475,5.8882725,3.6080575,democrat
6.5232375,3.5011275,3.49308,4.3784125,3.7775875,3.7600925000000003,2.7624575,4.268835,3.9705825,democrat
4.2890125,5.90393,5.9317325,6.41626,6.3665175,5.69085,3.0135975000000004,5.9172199999999995,4.249915,republican
6.35145,6.8539525,6.8246875000000005,7.0156375,6.303585,6.766425,5.0,6.86806,6.4895499999999995,republican
7.3444575,6.734805000000001,6.6414125,6.88599,6.6979125,6.4403175,5.9172225,6.6875575,4.291115,republican
3.4818474999999998,3.69965,6.3848575,5.84521,6.422865,3.9785175,3.3371025000000003,6.0334775,3.7787725,republican
6.7741050000000005,6.359382500000001,6.529095,6.75483,7.0098424999999995,6.7983899999999995,7.1145575,6.75042,6.108945,republican
4.2210675,6.55185,6.602847499999999,5.0,6.119045,6.0414325,5.9008325,6.2293025,6.975215,republican
2.8992225,6.0374625,3.989935,2.93899,5.7545725,3.7793625,3.576825,6.0796525,3.7750649999999997,republican
3.5323325,3.971885,3.992675,4.0176275,6.0181175,4.2351624999999995,4.1657175,4.01393,3.092005,republican
3.37378,4.0186975,4.203585,3.9644025,5.6512325,5.978565,5.0,6.38281,3.5368775,republican
4.30855,6.62149,6.025907500000001,6.91218,5.9545325,6.0260825,5.8908875,6.3940775,5.67975,republican
5.96326,3.48373,5.80884,5.914782499999999,6.1618125,3.90239,4.1081825,5.790794999999999,3.9127825,democrat
6.161415,3.472115,4.1054200000000005,3.3181374999999997,3.6392775,5.7003,4.0542625,5.988272500000001,3.007845,democrat
6.4481025,3.5755999999999997,6.238345000000001,3.9542325,5.941875,3.92987,3.7591875,4.2392225,4.1197675,democrat
5.801405,3.2837775000000002,4.24627,3.11483,4.1915075,3.5772675,3.0309925,3.9182699999999997,3.3820300000000003,democrat
7.2253074999999995,3.1701525,3.54774,3.7484325,3.4426075000000003,4.3098975,3.05294,3.5104875,3.1656500000000003,democrat
3.2824025,3.8990475,3.79401,6.9444325000000005,3.9032774999999997,4.2936275,3.3616975,5.7618849999999995,4.2192775000000005,republican
5.7163275,4.0228575,6.8242375,6.81645,6.60539,6.16771,5.96701,6.6497,5.753395,republican
4.1880725000000005,3.4894175,6.25282,4.30681,6.2205525,5.99339,5.6668275,6.2457125,5.9292725,democrat
3.89839,6.26671,6.1899575,6.3919525,5.9918949999999995,5.976455,6.638272499999999,6.16441,6.0073275,republican
5.0,4.255225,6.5887875000000005,6.99294,6.67924,6.38797,6.622225,6.8167125,3.6476525000000004,republican
6.872235,6.5117525,6.3753025,6.63692,6.6720250000000005,6.326245,2.9157975,6.142855,6.2932475,republican
6.15714,3.86169,5.9318349999999995,6.4830625,5.62231,6.1030825,5.6146,6.119995,5.85529,republican
6.88981,5.0,6.0946275,5.93858,5.743,6.7633975,5.0,6.7101625,6.70362,republican
3.8862225,6.08105,6.0260175,6.408115,6.6651050000000005,5.9285,5.718035,6.15424,4.3350175,republican
2.88317,7.00051,6.7606075,6.8400175,7.046205,6.890695,6.363167499999999,6.858305,7.034565000000001,republican
3.6352575,3.9334775,3.8512225,5.911625,4.063124999999999,4.192975,3.0450299999999997,4.3114574999999995,4.13635,republican
3.28215,6.586565,5.8098375,6.778445,6.427735,6.4162625,5.7213775,6.55097,6.4047475,republican
6.7944024999999995,3.4791875,6.2751875,5.739095000000001,6.180185,6.268587500000001,3.2511,6.1733625000000005,3.9488725000000002,democrat
3.8998749999999998,4.181725,6.086305,6.650377499999999,6.205405,5.8027525,3.5925825,6.093735000000001,5.800065,republican
3.87845,4.2445075,6.8883325,7.10384,6.965965,6.9153875,7.0328625,6.9879075,6.4436525,republican
6.2255075,4.1129675,6.0118075,6.6228375,6.2875749999999995,6.3609175,6.1049750000000005,6.72468,6.371115,republican
5.867575,5.9209025,5.998995000000001,6.594845,6.1356475,6.06501,5.0,6.5261675,6.465795,republican
5.0,5.0,6.5172175,5.0,6.715985,6.69571,6.2396075,6.7712775,6.30456,democrat
3.17301,3.3865375,6.6090575,3.550235,5.732835,4.141814999999999,2.9526125,4.1704550000000005,4.0352975,democrat
6.22661,3.351735,3.7836025,3.6141550000000002,4.161475,3.666115,6.3052675,3.7881975,3.58047,democrat
3.2756499999999997,4.31033,5.7209325,6.74854,4.303065,3.6314374999999997,5.0,6.2289975,3.8720925,republican
3.4217,4.3079075,3.7530825,4.347405,3.7294225,3.90145,5.7759149999999995,5.930415,3.6268525,republican
7.2610625,7.38204,6.8460325,6.5722875,7.17384,6.77434,2.6595825,6.964715,6.7237375,republican
7.1979175,3.98169,5.9458625,3.1520975,5.8684650000000005,6.176105,5.803297499999999,6.1941075,3.9459850000000003,democrat
3.31631,6.3236525,6.034125,6.192525,5.7990825,4.1096075,4.183185,6.5035125,4.3198925,republican
6.892565,3.24494,4.170635,5.9719125,6.0721025,6.3407175,3.7732225,6.223985,4.228047500000001,democrat
3.4221925,6.7278199999999995,4.2504225,7.2423525,6.2161725,6.2713925,6.1085674999999995,6.3819775,4.2182775,republican
4.3068575,3.34901,5.9730025,6.0102775,3.87275,3.6729675,6.2087924999999995,3.8056400000000004,3.8525375,democrat
4.16587,3.6907725,3.74334,3.1479575000000004,4.114445,5.8611375,6.7861925,4.3222125,5.9307725,democrat
5.0,5.74822,3.6257800000000002,6.7223875,3.7315675,4.3644575,3.5526725,5.8456174999999995,3.8723825,republican
6.5877125,3.25261,6.0345825,4.203795,6.1696975,6.429195,7.053835,6.1871475,4.175685,democrat
6.4735475,3.1971024999999997,6.2866675,3.9072725,3.9514199999999997,6.0593825,4.180325,5.9661475,6.0781875,democrat
4.152095,3.4893799999999997,5.697654999999999,4.18555,4.1071225,4.2982700000000005,3.2721025,4.26936,4.1566075,democrat
5.9103625,6.80097,6.00478,6.8591524999999995,4.3335425,5.7594875000000005,3.8689625,6.37392,6.27157,republican
5.9730875,3.3804999999999996,3.994835,5.7116299999999995,4.1846075,4.083655,4.0338075,4.2660925,3.48688,democrat
7.4745325000000005,2.9724325,5.8225175,6.1505725,5.896974999999999,6.389810000000001,5.0,6.39903,6.5238249999999995,democrat
6.8410125,3.07984,6.3363025,5.7341975000000005,5.83409,5.8254225,3.7933899999999996,6.2313125000000005,3.94509,democrat
4.2608225,3.3807725,6.291645,3.6316775000000003,5.7430975,4.053155,3.6312575000000002,4.043935,3.4902275,democrat
6.217255,3.0284075,4.1274275,3.858005,4.0165175,3.4980125,4.2370575,3.933765,3.733475,democrat
5.7642425,3.6557700000000004,4.109525,3.6200925,5.8841,3.9060175,3.6168325,4.1298125,3.711395,democrat
6.0995975,3.4921425,4.252555,2.6723775,5.835835,3.72957,4.2558525,3.759085,4.221265000000001,democrat
4.07621,3.4515325,6.393515,3.5629725,3.99669,6.019395,2.9639325,6.2251875000000005,5.710185,democrat
6.0536224999999995,3.2175675000000004,5.7894775,7.1524825000000005,5.80167,3.8587875,3.205215,3.72959,3.5291125,democrat
2.9116825,3.55573,4.2726875,6.0028775,4.1784300000000005,5.702985,3.7512774999999996,3.8713425,6.19923,democrat
5.7700724999999995,3.29791,4.2839375,6.187865,3.8997625,5.7189725000000005,5.0,4.019905,5.85796,democrat
6.473585,6.5093125,6.37063,6.8501449999999995,6.384995,6.6260075,3.00679,6.77688,5.8335550000000005,democrat
5.0,4.2071000000000005,6.8187875,5.97457,6.121392500000001,6.6129925,6.5431775000000005,6.633632499999999,6.3186425,democrat
5.9571525,5.9831625,4.064579999999999,5.0,5.91092,6.376815000000001,3.2123524999999997,6.757875,6.2723525,republican
3.7437175,6.2376775,6.2430975,3.613025,6.4484775,6.4622425,7.0141025,6.44036,6.915845,republican
6.7304775,4.126322500000001,6.6418800000000005,4.235645,6.5121,5.904045,3.496835,6.81953,6.0464625000000005,democrat
5.0,7.4529725000000004,6.043469999999999,6.463900000000001,5.728925,4.01328,6.8960725,6.0438825000000005,4.1173075,republican
6.94971,3.2680024999999997,6.1821850000000005,3.3678749999999997,5.927925,5.921317500000001,3.3859275,5.8431025000000005,4.15191,democrat
3.2685325,3.164915,3.9123,3.1914775,3.5302275,3.303825,3.1446075,3.5820925,3.1783525,democrat
3.742715,3.355955,3.7225225,3.491345,3.7078675,3.525915,3.66809,3.4389275,3.760125,democrat
4.19104,3.2731975,5.921475,3.2903175,4.144325,3.44091,2.939425,3.9058225,3.32257,democrat
3.8649975000000003,3.4044,4.270335,2.6899275,3.6874675000000003,3.9885425,3.4698824999999998,3.890005,3.7171399999999997,democrat
6.5691125,3.32097,5.804645,3.2414899999999998,6.216715,5.79025,4.18883,6.0621525,3.4132249999999997,democrat
6.27154,3.5499875000000003,6.286745,6.047935,6.325495,6.2758725,4.0905625,4.187405,5.74798,democrat
4.2244425,3.0798550000000002,6.0436575,6.09803,5.692075,4.0235175000000005,3.213565,5.8773225,3.7661975,democrat
6.0301,3.9174625,5.84376,3.5668075,6.044705,4.1300525,4.2121875,5.8637525,3.989065,democrat
5.792260000000001,3.2101275,4.0917275,3.06205,4.186375,5.951305,2.8559525,6.1076675,6.0298975,democrat
5.8194775,3.37294,4.031635,4.35155,3.9333075,3.673975,5.0,3.9906724999999996,3.1030725,democrat
5.8749424999999995,3.666945,6.6315875,5.8421075,5.7439475,4.2143725,3.105665,4.27871,3.8973449999999996,democrat
5.0,5.735307499999999,6.3604725,3.0241275,6.36791,5.66738,5.0,6.0229375,5.8454725,democrat
4.15843,4.0248075,5.9132549999999995,3.363835,5.7329,6.120605,5.0,6.15189,5.8190975,democrat
7.142625000000001,3.2353375,5.914475,6.6746975,6.19603,4.2871625,3.195685,6.10734,5.9954149999999995,democrat
3.3129,3.9334175,4.0372775,3.9628924999999997,6.271475,5.869562500000001,6.7100725,6.0703975,5.9212175,republican
3.9419874999999998,3.2683475,3.4602625,4.1739999999999995,3.720145,3.6527025,2.9490475,3.78104,3.419735,democrat
7.105325000000001,3.0712200000000003,6.1878925,3.6649875,6.0347225,5.9434949999999995,4.2785075,6.0125925,5.914395,democrat
4.2298875,5.6621425,6.0957075,5.0,6.4684225,4.29301,3.8276775,5.874145,3.73853,democrat
6.0008025,4.048125000000001,4.0075425,2.990255,5.89082,4.0931825,3.100685,5.6900625,3.2343775,democrat
4.1057974999999995,3.161605,4.3230675000000005,3.5280500000000004,4.191975,3.9253225,4.0330125,4.275375,3.5036224999999996,democrat
3.0673025000000003,3.2631325,5.819695,3.4946525,6.3132425,4.016085,5.871185,5.883775,5.837025000000001,democrat
7.2536575,3.3774775000000004,6.6191025,6.3835025000000005,6.508025,6.4807775,6.5248349999999995,6.73071,6.5183625,democrat
6.8631375,3.3805225,4.2357525,6.73426,3.8561125,4.2943774999999995,3.9432175000000003,5.8463449999999995,3.5389375000000003,democrat
6.7536125,2.9498875,6.4100125,4.4436975,5.973262500000001,6.1417825,3.7197275,6.4677050000000005,5.9371475,democrat
6.8966725,3.7414775000000002,6.4381,4.1075,6.368175000000001,4.2243325,3.6358525,5.705255,3.6196175,democrat
6.568305,3.5764325,4.09665,3.6237625,4.1046475000000004,3.7378299999999998,3.885005,3.7921475,4.1751375,democrat
6.971475,5.0,6.1544025,3.904265,6.06024,6.51601,5.7872275,6.6526950000000005,5.8334425,democrat
3.3528725,3.269305,6.21253,3.54012,6.526125,6.20314,3.7126075,6.6481575,3.9353474999999998,republican
3.8978675000000003,6.0354275,5.7917375,6.4270125,6.241805,5.721565,5.0,6.3166525,6.3915925,republican
3.4392825,3.7232725,3.9028275,6.5589975,4.074065,4.0474499999999995,3.0934025,4.036255,3.5561125,republican
6.442769999999999,4.2456700000000005,6.3831775,3.7583475,6.279240000000001,6.296587499999999,4.23085,6.181675,5.9610825,democrat
4.278332499999999,2.7972375,6.4436225,2.9943675,5.8761575,6.01123,6.058915000000001,6.1036175,5.9440025,democrat
5.873595,3.836395,6.5137125000000005,3.780305,5.984045,5.73735,6.1967300000000005,5.8935575,5.7085574999999995,democrat
6.3833075,3.8084800000000003,6.824285,3.79436,6.1947725,6.5624899999999995,5.0,6.631565,6.356805,democrat
4.047975,3.0734649999999997,3.8326925000000003,3.3147425,3.914515,4.155535,2.59937,5.7120999999999995,3.695945,democrat
5.8601849999999995,3.6517299999999997,5.6678,3.619985,6.43091,6.1863600000000005,3.5569724999999996,5.850910000000001,3.7577274999999997,democrat
7.1525975,3.06209,6.8117625,5.0,6.50413,6.498865,3.8621825,6.61761,5.799099999999999,democrat
5.0,5.7875250000000005,4.179937499999999,4.23199,4.275142499999999,5.8521075,5.5732425,6.04929,6.0449775,democrat
3.728845,3.408275,4.09583,5.98986,6.031275,4.11872,5.0,6.11081,5.8293225,democrat
3.7446599999999997,4.3128325,3.7000175,5.7082,4.0781075,6.0460400000000005,2.9202175,3.9794425,4.05386,republican
3.756325,6.3038425,6.2453225,7.349245,6.5315175000000005,6.0618775000000005,3.9451425,6.20298,6.34218,republican
4.18424,6.297817500000001,6.5600825,6.7573475,6.4253175,5.9976975,6.1033574999999995,6.53445,6.1041975,republican
5.90417,6.679785000000001,6.258970000000001,3.5923225,6.4901775,6.875235,4.074255,6.752555,6.8564575,republican
3.7788175,3.48612,6.5570325,5.9146525,6.0387725,4.332715,2.6329575,6.085722499999999,5.9804924999999995,democrat
3.7257350000000002,6.712045,6.664935,3.0250475,6.737375,6.3224775,3.7647675,6.516875,5.7950175,republican
5.7173575,3.2690799999999998,4.0780625,5.0,5.8295925,5.8954450000000005,5.7844975,6.3454,5.9327125,democrat
5.0,5.8479225,4.34915,5.0,5.7465725,6.3818775,2.7860225,6.02792,7.0941175,republican
6.0649625,3.8018025,6.2206649999999994,6.6631775,6.441784999999999,6.2474025,4.1278625,6.4169325,5.7470475,democrat
6.28915,3.472635,4.162974999999999,3.877555,3.8261499999999997,4.232715,2.5843925,4.137055,3.4390275,democrat
6.0656925,6.7800725,6.645985,7.30803,6.865985,6.7793125,3.32294,6.9050875000000005,6.33849,republican
6.98663,6.57751,6.451045,6.20244,6.87092,6.763035,7.2111875,6.7717325,7.080555,republican
7.3792625,3.9858875,6.186435,5.0,6.6246425,6.2574875,3.9334075000000004,6.46807,5.901175,democrat
6.4486775,3.0898950000000003,5.9434225000000005,4.2954175,5.7222325000000005,6.3246400000000005,6.502387499999999,6.248317500000001,4.164205,democrat
3.437425,6.5760375,6.43478,5.7937075,6.84932,6.5705525,3.7544250000000003,6.191815,6.730405,republican
3.4654475000000002,3.699185,5.865405,5.946652500000001,5.7587525,5.8995750000000005,5.0,6.09234,3.51757,republican
3.5052275,5.73948,4.1450700000000005,5.6955,5.8058675,4.2936475000000005,4.0331475,4.1899225,6.023125,republican
5.0,2.811795,5.84266,5.80047,6.205522500000001,6.6989975,3.04147,6.549275,3.9910425,republican
5.998912499999999,6.2014575,6.363742500000001,6.5035775000000005,6.26837,5.6866075,3.2123850000000003,6.528135,4.0530575,republican
5.97148,3.4231975,3.9547625,6.306190000000001,5.78714,3.799535,2.78004,4.1584225,3.8722600000000003,democrat
3.899005,3.2036425,5.754137500000001,3.4683975,3.62409,3.80692,2.6377225,3.8065300000000004,3.641045,democrat
3.3729500000000003,3.0479775,3.82249,3.4523200000000003,4.24075,3.2452674999999997,2.8917175,3.7818050000000003,3.7699875,democrat
5.98118,3.6314475,3.6109774999999997,3.6580199999999996,4.23167,4.0748625,2.9464075000000003,4.1671925,3.60113,democrat
6.3769725,3.355435,5.885045,3.3424775,4.237415,3.7869375,3.84327,3.80091,3.8034425,democrat
3.93257,3.71412,6.87118,6.439985,6.1720375,6.0769625000000005,3.5401625,6.71701,6.3245925000000005,republican
3.561845,3.2624475,4.1779425,3.0278574999999996,5.8144475,4.0214675,6.4614275,5.9574575,3.640915,democrat
6.12739,3.3061375,4.0929725,6.157567500000001,3.6758075000000003,3.6992225000000003,6.381265000000001,3.752745,3.3933475,democrat
4.27313,5.8163525,6.32745,6.4397325,6.5444925,6.283625,3.804565,6.69917,6.2314725,republican
4.1956025,5.0,6.1664525,4.2011625,6.307869999999999,6.3357275,5.0,6.37094,6.531465,democrat
3.6193125000000004,6.4298725,6.4052925,3.9194,6.314267500000001,5.9333225,5.0,5.9038875,5.8316275,republican
5.6362225,3.1954025,5.7953175,6.164642499999999,3.6810475,3.9449224999999997,5.8843725000000004,3.7964475,3.8490225000000002,democrat
6.02979,3.6846575,5.9751625,2.99179,6.23501,5.9023525,2.9907475,6.1031525,6.553845000000001,democrat
6.876565,5.0,5.9777675,7.0011975,6.247175,6.072302499999999,3.2959674999999997,6.2707675,6.3120925,democrat
6.215095,6.45735,6.7804375,7.16654,6.6826025,6.5725525000000005,5.0,6.8916075,6.327452500000001,republican
3.0198175,6.2712625,6.1499725000000005,6.6503375,6.18102,6.1376625,3.289465,6.2398975,6.216105000000001,republican
3.1630475000000002,6.1151824999999995,4.246385,6.394795,6.232805,6.0079275,2.8859175,6.32779,7.044074999999999,republican
3.4330600000000002,3.3672725000000003,3.5779674999999997,3.8758475,4.0215575,3.7187375,3.356595,3.6732575,3.48057,republican
3.825535,6.608775,6.7915075,6.8593,6.444425000000001,6.449705,6.32305,6.6297725,6.137242499999999,republican
3.957635,6.4642425,6.889855000000001,7.0397875,6.052135,6.524245,3.9562675,6.708245,6.699155,republican
6.6245875,5.0,6.570455,5.998255,6.5670775,6.1920325,3.250135,6.47508,6.1712225,democrat
7.38899,6.09609,6.62531,6.5321324999999995,6.8361075,6.5221975,4.1045925,6.713945,4.0655325,republican
5.0,5.0,6.4441875,5.7765625,6.2177625,6.5413625,2.675295,6.62341,6.355705,democrat
5.8687625,2.9287525,5.74511,3.13225,6.551559999999999,6.324145,3.4891924999999997,6.1981375,5.8237275,democrat
4.206715,6.1039475,4.3166875000000005,7.07456,5.9733875,6.05405,4.071225,6.2473374999999995,4.0684125,democrat
6.6197275,2.714895,6.64317,5.9346,6.378797499999999,6.485935,5.0,6.725474999999999,6.106135,democrat
7.1150275,3.1265725,5.7043125,7.041265,4.0163325,4.1366274999999995,3.4499275,5.89007,3.4031875,democrat
6.3591475,6.5524825,6.059957499999999,5.8905625,6.6215525,6.483705,6.8339925,6.5275675,6.5170200000000005,republican
6.5027975,6.40923,6.57706,7.1977625,6.9505225,6.8804549999999995,6.73045,7.0377225,6.4370899999999995,republican
3.132875,3.5025225,3.9970575,3.384785,3.9064975000000004,4.2735924999999995,5.0,4.298715,3.7472,democrat
3.3388675,3.6728674999999997,5.79702,5.6656525,6.1699825,6.0654375,6.392935,6.0610575,3.9595700000000003,democrat
6.3984275,5.9932175,6.8364475,5.0,6.68345,6.41997,3.9435124999999998,6.6913800000000005,4.138855,democrat
6.4602924999999995,3.73677,5.729615,4.3307225,5.98686,6.1827125,5.0,6.3701875,3.89241,democrat
4.0688625,3.81697,6.0071675,3.2349625,4.27799,6.0519025,5.8776,5.7489325000000004,4.241905,democrat
3.5455375,3.3981925,5.710812499999999,4.04767,4.249675,5.792155,3.23302,6.217505,5.8419475,democrat
4.3118275,3.6223175,3.5241049999999996,6.624435,3.7123125000000003,3.7452775,3.0114099999999997,3.7937399999999997,3.95519,democrat
4.245464999999999,3.1373024999999997,3.810575,3.0997575,2.793275,3.9073225000000003,2.5056975,4.27388,4.1003775000000005,democrat
5.688825,3.4457975,5.6716225,3.346535,3.799615,3.53063,3.01519,3.92644,3.6754875,democrat
6.4246075000000005,4.2300725,4.1966975,6.4139800000000005,3.746495,4.23113,5.0,6.2707875,4.2639475000000004,democrat
6.605785,3.0297324999999997,6.2684425,3.3065875,3.5781,3.5434,3.1949375,3.6484775000000003,3.8209125,democrat
7.01969,6.14964,6.088347499999999,6.835725,6.6629425,6.4271,6.1773025,6.6677175,6.53156,republican
4.37891,6.37178,6.8360525,6.50028,6.64536,6.3123475,5.0,6.8516475,6.544145,republican
6.2959875,2.90532,6.13535,7.16771,5.9215425,6.122495,3.32637,6.110474999999999,5.98058,democrat
6.959452499999999,7.025247500000001,6.412885,7.31744,6.893012499999999,6.68112,3.434385,6.463010000000001,7.00825,republican
6.0666475,5.7716725,6.058177499999999,5.8893474999999995,6.443315,6.5538375,3.696785,6.29699,6.47087,republican
6.888115,5.0,6.18948,7.125655,6.58252,6.428855,5.0,6.4539975,4.081295,democrat
7.0172375,6.3396775000000005,6.983395,6.949375,6.9758925,7.00356,6.4396975,6.9205700000000006,6.9110575,republican
6.397775,5.0,7.0606325000000005,6.8205325,6.8594775,7.1007575,5.819805000000001,6.917987500000001,6.0627125,democrat
3.7685875,6.614857499999999,6.9740875,7.1347525,6.73819,6.6321975,6.2384325,6.6406675,6.3697125,republican
3.9475100000000003,3.9671225,4.078257499999999,4.3459525,5.8282875,5.8110875,3.4722175,5.789305000000001,5.983995,republican
4.0942525,6.812705,6.9025775,7.0668175,6.778707499999999,6.900785000000001,7.05189,6.7648399999999995,6.9968925,republican
7.392385,6.7512075,7.084785,6.6756325,7.08316,6.7535275,5.9794025,6.92425,6.7144575,republican
3.6271,6.223345,6.7928175,6.408345,6.1159025,6.12661,3.9488000000000003,6.2910125,6.39797,republican
5.712289999999999,3.6833825,5.737795,3.8396925,6.22808,6.0428925,7.1190875,6.0766225,5.8152975,democrat
3.4131575,3.7044699999999997,3.9523975,5.79413,6.446524999999999,5.7460275,3.2838700000000003,5.90774,3.9785674999999996,republican
7.474805,6.99542,6.801304999999999,3.6447525,5.7212625,6.3343074999999995,6.2872575,6.714575,6.629312499999999,republican
6.947665,6.947665,6.658555,6.082152499999999,6.3497775,6.4483825,3.835105,6.3964875,5.770765,democrat
3.69431,6.703345,6.771875,7.1651725,6.1913275,6.616452499999999,6.8586575,6.4991325,6.6352475,republican
5.0,6.3830175,6.159885,6.689455,6.4076325,6.3890674999999995,6.790645,6.6396225,6.2256175,republican
3.9268324999999997,3.38999,5.8568549999999995,3.2314599999999998,3.7886375,3.4910175,2.833465,3.5795850000000002,3.26374,democrat
3.3119199999999998,5.6508825,3.2497825000000002,3.2061025,5.8794875,3.9544975,5.0,5.6892575,3.4034,republican
3.5802,5.7954675,6.0331125,5.0,6.849629999999999,6.3680375,7.3824075,6.46414,6.351430000000001,republican
3.20693,5.938974999999999,6.5356325,3.0968475,6.3585449999999994,6.3224124999999995,5.7167525,6.1789499999999995,4.061705,republican
3.47973,3.5090475,4.16924,3.5888975,3.6005725,3.82715,2.8677925,3.5961125,3.885105,republican
6.7300925,3.31827,5.784355,7.3485725,5.998307499999999,4.2854399999999995,5.0,6.0982075,3.8495225,democrat
6.0632399999999995,6.1388,4.226235,7.0129725,4.09387,6.013965,2.81816,6.0650525,3.8555325000000003,republican
3.5551675,5.713,6.04523,6.30635,6.3037725,6.062235,5.0,6.24075,4.2468775,republican
3.1150425000000004,3.8105849999999997,3.84566,5.0,4.1902550000000005,4.1887675,6.3272975,5.74965,4.2619525,republican
5.0,6.86381,5.946465,3.4307675,5.8345775,6.25776,5.0,6.16939,4.118765,republican
6.5354375,3.4460675,4.29113,3.5888625,3.9834449999999997,4.1694025,6.672525,4.0570125,4.140745,democrat
4.092995,6.4059275,6.2626100000000005,4.0784525,6.502095,6.1676175,3.0712075,6.51487,4.13108,democrat
2.71481,6.592205,6.285495,6.3762425,6.7996325,6.1817625,3.0320125,6.541825,5.9171175,republican
5.7298975,3.77338,5.8355825,3.2751925,6.50341,6.2236175,4.238045,6.339980000000001,3.58066,democrat
6.0583525,4.061529999999999,6.3587675,6.5169299999999994,6.24526,6.2348925,6.3379625,6.132562500000001,4.15201,democrat
6.05156,3.1039700000000003,4.1559625,2.965315,4.01965,3.5175675,3.0146675,3.6609325000000004,3.710825,democrat
5.7363025,3.18133,6.408580000000001,2.87928,6.11621,5.7909,3.64948,6.07172,3.85335,democrat
6.6584725,3.3483475,6.251932500000001,2.68885,6.5077475,6.2405275,2.889465,6.2725175,5.8091225,democrat
6.7101875,3.61624,6.3790175,5.0,6.81717,6.407105,5.0,6.978995,6.498105000000001,democrat
6.1149125,3.5273375000000002,3.5869850000000003,5.919005,3.8606575,4.199445,5.7630425,4.1628,3.93973,democrat
5.6759425,3.3632975,4.14964,3.6277325,5.935195,3.8738224999999997,3.7623275,4.2801775,3.7907175,democrat
6.125285,4.1095325,5.983115,4.194265,6.003465,5.83704,7.353715,5.7034675,5.9241624999999996,democrat
6.437775,3.1598325,6.005485,3.41635,3.4424025,4.242205,2.548715,5.8607949999999995,4.264605,democrat
3.977975,3.127045,6.0012475,3.440245,5.751485000000001,3.1933925,3.5448425,3.786985,3.41852,democrat
6.5395275,3.98123,6.221417499999999,3.8419925,5.9730175,4.281425,5.0,4.2926649999999995,4.119795,democrat
5.0,3.49012,6.204985000000001,3.661805,4.09019,6.382415,3.4191675,6.3091574999999995,4.062555,democrat
3.943915,4.02728,3.8463950000000002,5.9488,5.829675,4.0714925,3.2900875,5.72121,3.4802575,democrat
5.7649825,4.0891525,6.0378549999999995,5.73349,6.239705,6.12601,3.24007,5.945105,5.7534925,democrat
3.5893675,3.6395350000000004,5.72214,6.010515,4.1470125,4.2505524999999995,3.3056525,4.2797675,3.8223925000000003,democrat
3.5670075,6.1062875000000005,6.40967,6.17466,6.0458225,6.127595,4.1380325,6.0232025,5.832405,republican
3.263125,5.880365,5.7952825,6.5080525,6.41309,6.048405,4.0901825,6.3349275,6.012245,republican
7.107514999999999,6.930117500000001,6.654325,7.07783,6.8223825,6.9274000000000004,5.0,7.05217,7.1566725,republican
6.44696,3.17397,5.723715,4.12882,6.632820000000001,5.8357625,5.0,6.3654025,3.8525725,democrat
6.6058775,6.68808,6.6978625,5.0,6.6996225,6.380045,4.1911825,6.335765,5.746145,republican
5.0,6.92465,6.758990000000001,7.142555,6.9151425,6.84555,3.8716425,6.827945,6.53571,republican
3.7888875,3.4529475,4.2927725,4.3224175,5.7982675,5.9745675,3.3894975,5.67365,5.952495,democrat
3.932855,3.4641325,5.7630225,3.7683625,3.7182925,3.7611025,3.8826625,3.699335,3.7423875,democrat
6.4324375,4.1301475,5.970459999999999,6.164505,6.352065,6.049695,6.7478175,6.4781200000000005,6.007135,republican
6.2360425,3.5827125000000004,6.5314475,3.1640875,6.44225,6.220705,4.1219825,6.38591,4.2895025,democrat
6.433520000000001,3.3505125,6.343674999999999,3.2556675,5.9377975,5.764607499999999,5.6813975,5.770175,4.0123549999999994,democrat
6.51971,3.1707475,4.2557575,3.3912775,5.954420000000001,5.8182,2.825115,4.0215125,3.3912649999999998,democrat
5.8660625,3.2842675,4.312895,5.8302825,6.2535875,3.9681425,3.3040950000000002,4.23015,3.7678975,democrat
4.3207925,6.6250475,4.2349274999999995,6.1304625,6.96268,6.706735,7.3142825,6.994384999999999,5.9401399999999995,republican
6.3632925,6.383735000000001,6.5050675,6.7501275,6.982495,6.707875,5.923182499999999,7.0587125,6.43189,democrat
3.8885,3.7412025,5.9782925,6.4893475,6.04478,3.92696,3.5566025000000003,4.06806,3.603095,democrat
6.551325,3.9798825,5.9005425,5.88036,6.266525,6.0199625,6.550190000000001,6.425330000000001,5.718045,democrat
6.190345,3.2341075,4.1137,3.0506849999999996,3.8620575,3.8406625,3.2436825000000002,4.085555,3.49771,democrat
6.4920175,6.4583575,6.548625,7.4965325,6.6064775,6.60952,3.692675,7.0287875,6.2981725,republican
2.8790750000000003,6.04845,6.4692825,6.8261225,6.6330425,6.20197,5.0,6.440525,5.896375,republican
5.9059349999999995,3.615275,3.84291,2.666945,6.1994475,6.6321275,3.6268000000000002,6.1926125,3.8016775000000003,democrat
4.075425,3.873035,6.4107825,6.925962500000001,5.770872499999999,6.4117375,3.6006,6.3128825,3.871525,republican
3.7858150000000004,5.72663,6.20276,7.20357,6.5288699999999995,6.07776,6.482435,6.46673,3.6696475,republican
3.898675,6.63405,6.2407325,6.563577499999999,6.3708975,5.8867449999999995,5.735395,6.3917,6.0520825,republican
4.291377499999999,3.0812475,4.1014800000000005,5.9757675,4.0438375,3.79641,2.9629975,3.946175,3.6169625,democrat
3.8247825000000004,6.9378325,7.01091,6.7092675,6.252635,6.1983,6.430295,6.694225,6.35378,republican
3.8091600000000003,5.6881325,3.732195,3.4422275,4.325025,4.2850725,3.2625675000000003,5.697095,5.720745,republican
4.3512,6.249635,6.2835025,6.3179324999999995,6.6768975,6.5544425,6.51279,6.571782499999999,6.8540775,republican
7.450145,7.1286325,7.0027800000000004,7.042070000000001,7.0945599999999995,6.987204999999999,6.49222,7.20628,5.9523875,republican
6.1772425,3.3689774999999997,5.9485624999999995,5.7435425,3.8565375,4.2829125,5.0,6.0149525,3.868955,democrat
3.5463125,6.392315,6.34206,6.524475,6.045605,6.2927825,4.05925,6.4706150000000004,6.1740200000000005,republican
4.2051375,6.0303775,6.3202125,6.7990450000000004,4.06529,6.19406,5.0,6.5275325,3.1864274999999997,republican
4.13135,3.3712825,5.73301,5.7454275,4.0582675,4.077825,2.5461375,5.7196225,3.5973425,democrat
3.5178624999999997,6.4027375,6.2185025,5.0,5.94449,5.934207499999999,6.4173849999999995,5.8354025,5.9674075,republican
3.5368275,5.653295,4.0965175,6.3475175,3.6557275000000002,4.0773875,3.4569725,4.0157025,6.15435,republican
3.4424925,3.472735,5.808955,3.7796425,6.036435,3.767995,2.7814725,5.7492175,3.9980025,democrat
3.1830775,6.20545,6.171435000000001,6.8494425,3.824965,5.9405149999999995,6.05819,6.39247,4.11885,republican
3.4687124999999996,6.4795075,6.3331349999999995,6.064685,6.4918724999999995,6.146715,5.0,6.41495,6.2053775,republican
3.52562,4.15007,5.7182475,6.29756,6.08924,4.2241425,6.0040675,5.7245,5.795567500000001,republican
2.64184,6.5667425,6.489775,7.3459775,6.653085,6.8133175,5.8361625,6.746309999999999,7.001975,republican
4.255995,6.840135,6.103605,7.1576825,6.807007499999999,6.480215,6.417605,6.6657725,6.2068224999999995,republican
3.3518524999999997,3.82604,6.2671875,2.9047825,3.6887975,3.8739875,4.094587499999999,3.91282,5.941915,republican
4.2725375,3.679475,4.236635,3.9078125,4.017335,5.803655,5.0,5.758830000000001,3.9338800000000003,democrat
2.930375,4.26306,4.3057775,7.100835,6.6946674999999995,3.8580025,2.9980625,5.9599,3.92647,republican
3.6525475,3.87361,5.7583925,7.3807725,3.793695,3.9322,2.7398275,6.01068,3.6412025000000003,republican
5.0,6.1250325,6.70124,7.3302875,6.908142499999999,6.8808275,6.7796275,6.814605,6.7496100000000006,republican
6.4183699999999995,6.2908475,6.4802375,6.0509625,5.8545875,6.5951875,4.145989999999999,6.51258,6.492515,republican
5.0,6.9830725,6.8052675,7.28946,6.916895,7.0624975,6.3566975,6.8762775,7.1908825,republican
6.848555,3.33088,4.154295,6.355455,5.783695,5.9502524999999995,3.8017525,5.9635125,5.7019775,democrat
5.677642499999999,3.396245,6.475322500000001,3.5190325,5.7028625,4.255725,3.90145,5.8735375,4.2116625,democrat
7.04903,3.623185,6.422485,5.70129,6.04948,6.43158,5.0,6.3829475,5.848105,democrat
3.595535,4.3101775,6.35702,5.0,6.5792850000000005,6.2022699999999995,4.1173775,6.731835,6.097542499999999,republican
2.864065,6.29444,6.8327375,6.1106,6.85044,6.11984,4.2843075,6.479725,6.100375,democrat
5.655885,3.943585,4.3745075,3.2802875,6.5288675,6.3824675,5.841655,6.51943,5.966645,republican
7.3718125,5.0,6.684735,6.3700775,6.70509,6.39266,6.0942175,6.6509375,6.2950025,democrat
4.2453775,3.4611575,5.708995,3.827475,5.7454675,4.1917925,3.7941075,5.66262,4.1561475,democrat
5.9791025,5.0,6.1144525000000005,6.20504,6.4189425,5.994785,3.8420199999999998,6.1276375000000005,5.9718225,democrat
6.57508,3.3113675000000002,6.3270550000000005,3.9948075,6.622795,6.1427675,5.90081,5.952085,4.306725,democrat
3.1740075,3.093045,3.867935,3.0010925,3.2725725,3.67952,5.0,3.3462300000000003,5.765165,democrat
5.638875,4.10373,5.726402500000001,6.1703275,5.904837499999999,6.01546,6.7889800000000005,5.6661925,4.1091025000000005,democrat
7.151945,5.0,6.3296475,5.0,6.74489,6.9367425,4.2003225,6.1641975,6.553225,democrat
6.37978,3.485945,3.682585,3.8905374999999998,4.0368875,3.9097325,5.70711,3.90458,3.986575,democrat
7.0380625,4.2496275,6.4512975,4.067505000000001,6.6528350000000005,6.7577,6.8464275,6.99249,6.2654825,democrat
5.0,5.0,6.418945000000001,6.8474125,6.5990625000000005,6.63719,2.7436425,6.9336175,6.5843725,democrat
5.7528425,3.07148,6.3398075,6.2330000000000005,6.16853,4.312139999999999,5.90042,6.4132225,4.1173850000000005,democrat
4.2879950000000004,3.478005,6.097144999999999,5.8586100000000005,6.7853125,6.38397,5.75915,6.522515,6.0562375,democrat
5.0,6.17061,6.5559449999999995,5.6745375,6.8694475,6.3378524999999994,5.0,6.56947,6.807195,republican
3.64208,3.31947,6.841325,3.5789175,6.560532500000001,4.0803899999999995,6.0826375,4.284075,4.2516225,democrat
5.0,3.7800325,5.93632,6.66273,6.1138025,6.67106,5.0,6.7468325,6.1560274999999995,democrat
3.2968725,3.78022,3.8974075,6.3869425,3.7599525,3.8644600000000002,3.374895,4.2783625,4.10265,republican
3.9707749999999997,6.1347625,6.067025,6.416659999999999,5.8864625,5.9656375,3.2127125000000003,5.822884999999999,4.170825,republican
5.7275875,3.2945374999999997,6.4703075,6.1643325,3.7691950000000003,5.8184325,3.9182475,4.161235,5.7437275,democrat
4.326665,3.4935125,5.6936374999999995,6.21157,4.046555,4.0945374999999995,3.867785,5.84441,4.2100825,democrat
4.217715,3.4880924999999996,3.28401,3.8180924999999997,4.147345,3.7700424999999997,3.3495725,4.19236,3.461465,democrat
6.5260975,3.72268,6.2760025,3.9546225,5.8190825,5.7425875,3.7728099999999998,6.019055,5.914235,democrat
7.2145275,3.868045,4.1012625,5.7655325,5.863735,4.3096425,6.0382325,5.9218275,5.705465,democrat
4.059575,3.207425,4.26773,3.3698075,3.85374,3.343395,6.034034999999999,3.4437925,3.2538925,democrat
4.05029,3.4535150000000003,4.236012499999999,5.8225475,3.818675,5.7550625,4.2965975,4.020775,3.4863825000000004,democrat
5.8323825,3.37328,3.5953075,4.269015,4.1443200000000004,3.7452525000000003,4.1457225,3.9269125,3.8214975,democrat
3.1208,3.8144,3.859245,3.37744,3.8938925,4.0803875000000005,5.873355,4.1582525,4.1432975,democrat
6.1049050000000005,3.60723,5.9304250000000005,2.81173,4.210542500000001,3.673115,3.89975,4.10885,4.128215,democrat
6.2269725,3.266075,6.31001,6.14032,5.8726225,5.90479,3.8614825,6.1058,5.7231875,democrat
6.499397500000001,3.1943325,5.650355,6.2553275,5.7612725,5.743945,5.0,3.7588725,3.8299325,democrat
6.5628375,3.9228775,6.01592,3.517755,6.2707049999999995,6.25642,3.3822925,6.3951075,3.82966,democrat
6.120855000000001,3.254035,3.8104475,3.6158825,3.768685,3.9032975,2.9043225,3.7411125,3.6634675,democrat
5.643435,3.5134,3.6408424999999998,3.7801,6.00835,4.191285000000001,3.08553,5.78183,4.043495,democrat
3.9690025,3.3792825000000004,3.9041300000000003,3.15288,3.97238,3.6472075000000004,2.84785,4.1049625,3.97423,democrat
5.0,6.9085125000000005,6.8214725,6.9698,6.84049,6.56534,5.0,7.0410925,6.061755,democrat
6.53492,3.6191675,6.3794474999999995,6.039275,6.0268675,6.0771625,4.2544,6.1043125,6.0668050000000004,democrat
5.0,6.596755,7.0182175,7.3455175,6.97996,7.047425,6.563084999999999,7.0162075,6.880245,republican
5.0,6.816027500000001,6.384024999999999,5.81101,6.5311225,6.48214,5.0,6.4301200000000005,6.1337425,democrat
6.9965075,6.67847,6.485552500000001,4.239495,6.45274,6.412062499999999,3.7264025,6.36861,4.2486375,republican
4.2344100000000005,3.5115775,3.725355,6.9862075,6.538025,5.96541,3.105855,5.97856,3.820315,republican
7.0961675,5.8523975,6.086475,3.8406775,6.568975,6.3110925,6.436525,6.3885475000000005,6.096575,democrat
4.0767825,5.7864,6.2963575,5.875945,6.7114075,6.4111325,7.1139475,6.5787475,6.3062275,democrat
3.2719275000000003,6.9761375,6.7457725,6.02971,6.7593075,6.8222,7.1400500000000005,6.962175,6.1271325,republican
5.8288675,6.29807,6.979615,6.4067625,6.74454,6.5964225,7.19513,6.6931525,6.5443375,republican
6.73956,6.7220075,7.137675,7.46214,6.981705,6.825805000000001,7.2127125,6.8355475,6.855045,republican
5.70086,3.31525,5.7446649999999995,3.8056525,4.0253325,4.3076325,5.0,5.862617500000001,3.3036525,democrat
3.624355,4.15704,5.8337125,5.8567525,3.9724175,6.21865,3.36524,5.901905,6.78915,republican
6.319485,6.123060000000001,6.5256275,6.843935,6.74376,6.56231,5.9972650000000005,6.614125,6.3870275,republican
4.0744875,5.94988,5.708539999999999,5.983485,6.143555,5.949255,3.3217974999999997,5.871955,6.1762875,republican
3.2751125,5.864195,3.4844175,6.210535,4.229685,4.12469,3.5957,4.2859225,4.31745,republican
6.2334225,5.812875,4.0229275,6.041855,5.70749,4.269665,5.0,5.8055175000000006,3.6210075,republican
6.757007499999999,3.22651,3.9735925,4.126117499999999,4.024565,3.7242775,5.6616775,3.8228625,3.3064475,democrat
3.5216975,6.0924725,7.1336325,7.453944999999999,6.9680075,6.5861775,3.63021,6.94323,6.6716275000000005,republican
6.2582425,3.339335,5.9842975,2.7887625,3.802525,3.8820775000000003,3.5214325,4.303495,3.4588125,democrat
5.0,6.96657,7.150625,6.9127625,6.865485,6.890252500000001,5.0,6.8670825,7.007305000000001,republican
3.52438,2.9680475,5.9970325,3.5046425,3.692625,3.9170725,3.0417899999999998,3.9457375,3.6818400000000002,democrat
6.7225275,3.9292875,6.6116675,6.7003225,6.77278,6.71317,3.43855,6.6782375,6.510005,republican
5.0,4.14789,6.368517499999999,6.3365475,6.9237675,6.388075,3.225215,6.7622625,6.08702,republican
6.9114675000000005,6.218025,7.078379999999999,6.48568,7.098525,6.624689999999999,5.8877775,6.96519,6.3140225,republican
3.57308,6.1034125,5.9079775,4.134142499999999,6.4675674999999995,6.4990925,5.846995,6.542135,3.4849474999999996,republican
5.76275,4.2144975,6.0702774999999995,6.390915000000001,6.3254675,6.213885,4.01019,6.288717500000001,4.2570625,republican
3.58775,6.274220000000001,6.6235525,6.544455,6.6074125,6.5353225,3.6850575,6.7352225,6.68079,republican
3.3674175,5.937447499999999,6.75501,6.8678925,6.8711425,6.7225175,6.41025,7.0382774999999995,6.59691,republican
6.028955,5.0,6.530795,3.532285,6.133112499999999,5.8400549999999996,3.11965,6.068565,6.203995,democrat
5.7644525,3.1713199999999997,3.776405,2.59212,6.0005375,4.1269100000000005,5.76171,4.19714,4.1965924999999995,democrat
5.0,6.6631350000000005,6.50592,7.19416,6.1936124999999995,6.8067875,3.278565,6.813055,6.386865,republican
5.8413900000000005,3.4468575,5.721375,3.7384725,5.9523399999999995,6.0027550000000005,5.9748175,4.052379999999999,3.59007,democrat
6.6553075,3.3692900000000003,4.090389999999999,3.2901025,3.5465275,3.6143525,3.5564425,3.7909550000000003,3.50908,democrat
7.2205125,5.0,6.02238,5.0,4.3114975,6.0771975000000005,5.0,6.826995,4.23249,democrat
3.0052425,4.2987525,6.6854725,6.043875,6.7069624999999995,5.9797075,3.6030024999999997,6.7500824999999995,5.852399999999999,republican
5.690785,2.93128,4.0836225,3.6747325,4.24636,4.010265,5.0,5.72476,3.9271575,democrat
5.7410675,3.4690375,6.2806625,4.33569,4.1348625000000006,4.0161925,5.0,6.0525424999999995,3.8885375,democrat
5.93551,3.1372975,4.3159525,6.331655,5.8232075000000005,3.6420675,2.928145,5.830992500000001,3.6428450000000003,democrat
4.2610375000000005,3.7536025,5.9006925,3.4743975,6.2145725,4.0227075,3.516215,6.0018625000000005,5.7882225,democrat
5.83568,5.8991825,6.387684999999999,5.0,6.1904375,6.3954,2.849915,6.582925,6.521865,democrat
5.0,5.0,6.086320000000001,7.035045,6.1802125,5.860110000000001,3.8776650000000004,6.3573375,4.1451125,democrat
3.833585,3.49925,6.339295,6.5017725,6.1952675,6.236305,4.1841925,6.349985,5.8677150000000005,democrat
5.7690125000000005,6.83621,6.2370125,6.8309725,6.538914999999999,6.5291,5.8414825,6.6406325,6.75761,republican
6.06718,5.7355625,6.395885,6.4845375,6.2405825,6.28149,3.59655,6.2234875,5.90488,republican
3.8523575,6.433845,5.85048,7.3620975,6.7751575,6.819025,5.0,7.0505275,6.787545000000001,republican
3.571015,6.542465,6.58435,5.687340000000001,6.69027,6.576165,2.592425,6.742145,6.66426,republican
3.541005,3.9668675,4.0783249999999995,3.5897325,4.342285,3.71871,3.277945,4.28714,3.9320325,republican
3.8740125,6.98314,6.7754375,7.37324,6.9554675,6.6430774999999995,5.0,6.8636325,6.570505,republican
3.649725,4.01874,5.8640825,6.1786925,6.238175,5.9760225,7.090935,5.9038325,5.843195,democrat
7.2170950000000005,3.9089375,6.2317325,6.7455,6.3441475,6.151435,3.9017150000000003,5.8941475,5.8598125,democrat
3.4733725,3.522635,5.997225,3.669655,3.8015100000000004,3.9178725,6.24043,3.9507025000000002,3.5876375,democrat
6.069202499999999,3.9614275,3.88842,4.1704775000000005,6.3113725,5.700817499999999,2.5745875,5.85539,4.029615,democrat
6.428205,3.252585,6.0322775,6.44021,6.3906825000000005,5.70048,4.3835774999999995,6.0661175,4.2600075,democrat
2.78604,3.8239099999999997,6.748985,7.2318275,6.799715,6.5059375,3.7897075,6.6718575,6.3340625,democrat
3.4886624999999998,6.624185000000001,6.753489999999999,6.5114875,7.086365,6.7017375,6.5793675,6.935165,6.9333925,republican
3.4064125,4.0405175,5.661485,6.60602,6.3976875,4.140805,3.11853,6.3098875,4.130012499999999,republican
6.876195,6.43355,6.11402,6.635855,6.6982925,6.8409875,6.941915,6.921732499999999,6.3776575,republican
4.077325,6.33835,3.8504074999999998,6.52356,6.446502499999999,6.1091549999999994,3.66112,5.9804575,4.075495,republican
6.070575,3.4083125,6.048665,3.7146325,3.6648475,3.62348,3.0979625,3.9020075,3.2134650000000002,democrat
6.69492,6.134142499999999,6.5319375,7.13031,6.93194,6.419980000000001,6.3613775,6.6532025,6.27548,republican
4.0602675,3.9225525,5.96354,6.8410150000000005,6.4182825,6.2223975,5.0,6.603807499999999,6.3764575,republican
6.1928775,6.3742325,6.8924975,7.43801,6.060975,6.7535925,5.0,6.61174,6.18553,republican
3.7197025,6.55999,6.5252125,7.2792449999999995,4.18003,5.95205,6.9271225,6.15906,4.0409925,republican
5.9943550000000005,6.3183175,6.5459125,4.1298275,6.188587500000001,6.39428,6.8225525,6.22904,6.91199,republican
3.8532525,6.5138750000000005,6.5157525,5.9083325,6.1780875,6.0010625,3.4336325,6.1524225,5.9621075,republican
6.307155,2.9511825,5.88078,6.6686225,3.44965,3.609205,5.0,6.3510475,3.8539974999999997,democrat
2.94121,5.8949275,5.9004075,6.5569225,6.2413875,6.4706575,3.6635799999999996,6.25086,6.0329250000000005,republican
4.307235,6.7319825,6.2830425000000005,4.1790025,6.2212625,6.2424599999999995,3.59196,6.5005975,6.505785,republican
4.4220425,6.7054375,7.1217975,6.416895,6.595705,6.6540525,6.0208025,6.9621925000000005,6.928505,republican
4.3009875,3.4264099999999997,4.1095325,3.303685,4.072835,4.2291725,3.6001425,4.1703775,3.271675,democrat
3.868255,5.6828075,6.176595000000001,6.507935,6.3066475,6.0391475,3.6464350000000003,5.992452500000001,5.8611375,republican
3.596175,4.24786,3.4723125,5.0,5.7746075,3.73897,6.313495,3.8981624999999998,3.787845,republican
5.9642875,6.0311325,6.4388749999999995,7.2349375,6.5778325,6.800555,6.310745,6.856055,6.5733575,republican
5.82194,6.00381,6.844985,7.027285,7.0731675,6.5243575,3.23544,6.70061,6.702154999999999,republican
6.576395,6.738325,6.5467375,6.421755,6.290315,6.197635,3.792365,6.13066,6.0686975,democrat
3.1620049999999997,5.9693425,6.2589775,5.769305,6.1944575,5.667025,3.8292575,6.276549999999999,6.0682525,republican
6.03512,3.014875,3.9198850000000003,6.375977499999999,4.0623275,5.9321825,2.7451125000000003,4.26948,3.8686225000000003,democrat
3.0307174999999997,6.3642175000000005,4.1507275,6.97637,5.9043225,4.08431,3.99187,5.8289825,4.0388175,republican
3.1525475,5.9371875,6.1479574999999995,7.311585,6.1330075,5.91278,3.94663,6.424135,4.21755,republican
6.9107825,6.5195925,6.9011325,7.10862,6.9802025,6.9792575,3.8099600000000002,7.0167425,6.932454999999999,republican
4.13516,4.2904675,6.328055,6.86006,6.799072499999999,6.55313,6.3675225,6.6523075,5.607405,republican
3.8105125,4.3115575,4.1354325,3.9316725,6.7212625,6.17138,4.2727,6.205372499999999,4.1523775,republican
6.7259525,3.105335,6.1663250000000005,2.8568775,6.501875,6.017415,5.0,6.5989474999999995,6.1667325,democrat
6.4800725,3.579275,3.8435975,6.2229075,6.2059425,5.94115,7.184505,6.4909725,3.3082925,democrat
3.2240075,3.781615,3.8021675,3.4534425,3.2381225000000002,4.04237,3.5405925,4.236885,5.864235,republican
5.9025275,3.4707,4.1109975,4.2999125,4.1119325,4.189665,3.396405,5.9054400000000005,5.688269999999999,democrat
6.02093,6.453177500000001,6.2141025,6.9539675,6.399455,6.45524,3.46612,6.5131675,4.311345,republican
6.4609024999999995,3.284815,4.3173125,4.00209,6.237715000000001,6.1723175,6.933142500000001,6.0927825,5.868320000000001,democrat
3.5636575,4.10036,3.9673475,4.305635,6.4740725,3.8182625000000003,7.220805,3.91928,3.4748875000000004,republican
6.9489275,6.0208775,5.929539999999999,3.9796199999999997,5.9942875,6.2890274999999995,5.0,6.458075,6.4808924999999995,republican
3.9002375000000002,3.408525,5.901835,6.306635,4.288295,6.2337925,4.01626,6.11796,4.32776,republican
2.6815875,5.8251124999999995,6.753355,6.5902325,6.4062175,6.167955,5.0,6.54524,6.4811875,republican
3.028775,3.9104824999999996,6.50253,3.80222,5.72555,6.317512499999999,6.0367725,6.3961775,5.9537925000000005,republican
3.7137375,5.941745,3.5582775,3.1285425,5.89473,6.0791375,3.413215,5.8775949999999995,6.242777500000001,republican
4.193245,4.0077625,5.921742500000001,6.8884575,6.54786,6.045635000000001,5.0,6.1819175,4.270385,republican
4.2198174999999996,3.6426975,6.328245,3.8358975,5.9652875000000005,6.121560000000001,6.5066875,6.233255,6.2056875,democrat
6.278305,3.7378375,6.0193675,6.0555924999999995,6.2489349999999995,5.8178325,5.0,5.82883,5.6759675,democrat
6.9126475,2.7953225,6.4244725,3.5492125,6.1379525,6.1733475,4.1096900000000005,6.506037500000001,4.0310524999999995,democrat
4.11184,6.354395,6.5430325,6.607725,6.3618325,6.32552,6.985405,6.4491825,6.66305,republican
7.277855,3.627455,6.161955,3.666305,6.3388225,5.97032,5.0,6.5872874999999995,4.2576625,democrat
6.216067499999999,3.2792825,5.757655,3.6695849999999997,6.0243775,3.86618,5.9463375,4.2074425,3.4015050000000002,democrat
3.0259625000000003,3.4870324999999998,6.574855,6.72046,6.5007725,6.08775,3.7852825,6.6007325,5.8490775,democrat
3.979945,3.2633650000000003,3.82529,3.8882174999999997,3.762345,5.9237375000000005,2.812725,5.7028925,3.2593625,democrat
3.164195,4.2653175,3.5126325,5.9203125,5.8351500000000005,3.97531,3.4836025,4.2534675,4.2246025,republican
3.018555,5.944380000000001,4.17042,6.655514999999999,6.244865,5.9023525,3.9924575,5.98776,6.1956175,republican
5.9145775,7.30983,6.2599475,4.027945,6.4720925000000005,6.378102500000001,6.5469525,6.924592499999999,4.2168075,republican
5.9930625,6.31626,6.604005,7.1874675,6.2498125,6.3883825000000005,3.2645150000000003,6.5366525,3.9898575000000003,democrat
5.0,7.09092,6.869275,6.4078824999999995,6.903905,6.7142475,5.9118775,6.8592949999999995,6.6979025000000005,republican
5.0,4.0995425,6.30154,4.299445,6.20763,6.380122500000001,4.180575,6.4187275,6.399065,democrat
3.7814799999999997,3.38438,5.8917625000000005,3.5716475,4.1412575,4.00206,3.425155,4.05733,3.5012875,democrat
4.2418475,3.498175,4.13233,3.502905,5.961665,5.7327575,3.9528375,5.878535,4.2135774999999995,democrat
6.15593,3.4892225,5.9692125,5.8952,6.2447425,6.1438524999999995,4.2197325,5.9973025,5.775345,republican
6.2825500000000005,6.3618425,6.217935,6.718752500000001,5.9529025,6.1895125,6.961035,6.336235,6.1735525,republican
6.4981975,3.195775,6.3707425,6.4378225,6.130375,5.964252500000001,3.4401275,6.20288,4.33568,democrat
5.753475,3.1506100000000004,3.563875,2.996865,3.2275775,3.663855,3.5809425,3.96318,3.4526675,democrat
2.9667275,6.5729825,3.5533,3.2615325,6.339765,6.1243775,5.72002,6.106175,4.08464,republican
6.30702,3.1807175,3.4303725,3.599615,3.9866425,5.8103175,3.2050549999999998,3.949,4.2974049999999995,democrat
3.7888425000000003,3.3818375,3.8964975,3.8740975,3.7471575,4.1583575,2.87829,4.1684175,3.7180375,democrat
6.57606,3.52531,5.7550550000000005,3.1708800000000004,6.2764050000000005,4.14124,3.2473125,4.245,4.2671399999999995,democrat
3.7943175,3.1138175,5.7112875,3.159265,6.0230325,4.0273175000000005,3.31613,5.6840025,5.6825075,democrat
3.9078275000000002,3.721835,6.0053975,3.8664325,5.8586875,6.10113,3.3704825,4.2589425,5.906615,democrat
3.5298375,4.291245,4.23079,6.988824999999999,6.12858,5.9740649999999995,6.8144525,6.3352575,3.9259850000000003,republican
3.5765725,7.235532500000001,6.1414675,7.2190575,6.2458,5.992145,6.601145,6.6051150000000005,5.8659574999999995,republican
3.91128,5.8613550000000005,6.4096075,6.98843,5.9695475,6.3608725,6.2327575,6.4216425,3.6673,republican
7.392849999999999,4.00262,6.355192499999999,5.7409375,6.464035,6.40997,5.0,6.47844,6.1148475,democrat
4.294715,3.93708,4.25399,6.1566825000000005,6.3888125,5.9813825,3.79019,6.4768025,5.76887,democrat
5.0,5.0,6.6243525000000005,6.8989375,6.0616425,5.9243875,7.112555,6.607530000000001,5.6740525,democrat
3.0277125,3.7597225,5.791985,6.5689874999999995,5.78516,5.916665,3.4138375,5.971652499999999,4.262715,democrat
6.4720025,5.69292,5.8288875,5.7416575000000005,6.2254875,5.83936,6.0554575,6.0430625,4.0852875,democrat
6.517,6.22681,5.998647500000001,7.4255075,6.7378275,6.6452075,5.0,6.3388349999999996,6.21047,republican
4.0568675,3.7393925,5.8697475,3.4784175,5.8167475,3.7599275,3.392715,3.90897,3.6863275,democrat
5.643935,2.577845,6.6448,5.8833649999999995,6.538015000000001,6.342515,3.8850974999999996,6.6427425,6.360295000000001,democrat
5.957245,3.4321975,4.2399825,3.2719025,3.34516,3.5749125,3.898605,3.8599,3.79382,democrat
3.156715,3.7217624999999996,4.2565225,3.1590675,4.015420000000001,6.159985,3.1380974999999998,3.978205,4.07179,republican
6.4911425000000005,4.0154725,6.39496,5.0,6.3702675,6.2110325,6.7599025,6.485345000000001,6.5266375,republican
4.37999,6.2163425,5.859945,6.43152,6.57798,6.37656,3.643705,6.526455,4.1246775,republican
4.3324324999999995,6.0268975000000005,6.387155,3.3739175,6.3085575,6.4223575,4.34798,6.3421199999999995,6.735392500000001,republican
3.3670400000000003,6.174435000000001,6.055070000000001,6.6071775,5.75654,6.146405000000001,6.683097500000001,5.815975,5.7663725,republican
5.750775,6.31649,6.7316775,6.7105125,6.5711375,6.7437000000000005,5.8129375,6.5757475,6.5854525,republican
4.102435,7.0700525,6.86914,7.199075000000001,6.94883,6.71882,6.65943,6.7443775,6.8128075,republican
3.350435,3.9421575,6.3131,6.8812525,6.1939175,4.249632500000001,3.5180575000000003,6.3798925,3.954815,republican
